{"stats":{"minecraft:custom":{"minecraft:jump":208,"minecraft:time_since_rest":1,"minecraft:damage_taken":1565,"minecraft:leave_game":5,"minecraft:play_time":11628,"minecraft:sprint_one_cm":35166,"minecraft:time_since_death":374,"minecraft:walk_one_cm":13395,"minecraft:deaths":3,"minecraft:total_world_time":11628,"minecraft:fall_one_cm":22959,"minecraft:drop":1,"minecraft:fly_one_cm":45466},"minecraft:killed_by":{"minecraft:creeper":1},"minecraft:mined":{"minecraft:grass":2},"minecraft:picked_up":{"minecraft:wheat_seeds":1},"minecraft:dropped":{"minecraft:wheat_seeds":1}},"DataVersion":3465}