{"stats":{"minecraft:custom":{"minecraft:jump":14,"minecraft:time_since_rest":1834,"minecraft:leave_game":2,"minecraft:play_time":1834,"minecraft:sprint_one_cm":392,"minecraft:time_since_death":1834,"minecraft:walk_one_cm":4034,"minecraft:total_world_time":1834,"minecraft:fall_one_cm":418,"minecraft:fly_one_cm":2830},"minecraft:used":{"minecraft:dirt":7},"minecraft:mined":{"minecraft:short_grass":1,"minecraft:grass_block":1,"minecraft:dirt":6},"minecraft:picked_up":{"minecraft:dirt":7}},"DataVersion":3700}