{"stats":{"minecraft:mined":{"minecraft:grass":2},"minecraft:picked_up":{"minecraft:wheat_seeds":1},"minecraft:killed_by":{"minecraft:creeper":1},"minecraft:dropped":{"minecraft:wheat_seeds":1},"minecraft:custom":{"minecraft:jump":211,"minecraft:time_since_rest":230,"minecraft:damage_taken":2055,"minecraft:leave_game":9,"minecraft:play_time":12798,"minecraft:sprint_one_cm":36501,"minecraft:time_since_death":203,"minecraft:walk_one_cm":13714,"minecraft:deaths":4,"minecraft:total_world_time":12798,"minecraft:fall_one_cm":28349,"minecraft:drop":1,"minecraft:fly_one_cm":46433}},"DataVersion":3465}